"contrast","day","SeqKind","estimate","SE","df","lower.CL","upper.CL","t.ratio","p.value"
"A - B","1","blue",433.789216102201,892.450277870163,200,-1326.030116611,2193.60854881541,0.486065416593787,0.627452916288583
"A - B","2","blue",-0.414968081526069,831.847340978137,200,-1640.73159839622,1639.90166223317,-0.000498851244794657,0.999602471529446
"A - B","1","green",262.077638077235,883.023806818441,200,-1479.15367196689,2003.30894812136,0.296795665137849,0.766930515654587
"A - B","2","green",343.351874363518,835.846158440402,200,-1304.85000900402,1991.55375773106,0.410783576494717,0.681671008011665
"A - B","1","yellow",331.024119141406,920.078340940463,200,-1483.27488680645,2145.32312508926,0.359778188891011,0.719392625470622
"A - B","2","yellow",334.646458687428,860.699939052794,200,-1362.56450081271,2031.85741818757,0.388807345630475,0.697832275046983
"A - B","1 - 2","blue",434.204184183727,285.13300178066,200,-128.048505260956,996.456873628411,1.52281279778951,0.129385107968707
"A - B","1 - 2","green",-81.2742362862835,364.731672206735,200,-800.487243350424,637.938770777857,-0.222832954962618,0.823892928856262
"A - B","1 - 2","yellow",-3.62233954602266,398.645154300288,200,-789.709213880716,782.464534788671,-0.00908662630649727,0.992759078200939
