"contrast","day","SeqKind","estimate","SE","df","lower.CL","upper.CL","t.ratio","p.value"
"A - B","1","blue",-33.7374217867604,755.963531576771,177,-1525.59909731922,1458.1242537457,-0.0446283721073048,0.964453835865575
"A - B","2","blue",-1402.64571386009,794.88593756825,177,-2971.31909179979,166.027664079612,-1.76458740501955,0.0793579242064442
"A - B","1","green",-409.711502198825,782.306469449324,177,-1953.55983818701,1134.13683378936,-0.523722502879501,0.601126687336735
"A - B","2","green",-482.000622105974,733.116795187501,177,-1928.77524117812,964.773996966167,-0.657467712198162,0.511734294791329
"A - B","1","yellow",-355.876612086232,853.566912193462,177,-2040.3543819966,1328.60115782414,-0.416928780863488,0.677235710216043
"A - B","2","yellow",-824.708404449579,911.624840333878,177,-2623.76101075827,974.344201859111,-0.904657670525448,0.366876464419452
"A - B","1 - 2","blue",1368.90829207333,399.209651649383,177,581.085130080102,2156.73145406656,3.429046082472,0.000753532680754088
"A - B","1 - 2","green",72.2891199071491,434.019879564622,177,-784.230537054528,928.808776868826,0.166557163187236,0.867908615992413
"A - B","1 - 2","yellow",468.831792363348,445.301645090823,177,-409.951946022703,1347.6155307494,1.0528409170097,0.293849073014595
