"contrast","Group","SeqKind","estimate","SE","df","lower.CL","upper.CL","t.ratio","p.value"
"1 - 2","A","blue",1822.4902515147,226.27738850831,177,1375.94150960513,2269.03899342426,8.05423053328091,1.13565535051237e-13
"1 - 2","B","blue",453.581959441367,346.494078686136,177,-230.209275451397,1137.37319433413,1.30906121444065,0.192210546657205
"1 - 2","A","green",939.824608728839,229.992559935723,177,485.944135010693,1393.70508244699,4.08632613590412,6.6355831014804e-05
"1 - 2","B","green",867.53548882169,377.685925522284,177,122.188479159119,1612.88249848426,2.29697595329245,0.0227910487717347
"1 - 2","A","yellow",1332.50349510359,262.9155058335,177,813.650996705791,1851.35599350139,5.06818147099867,1.00502837997466e-06
"1 - 2","B","yellow",863.671702740242,373.240669690287,177,127.097215212252,1600.24619026823,2.31398069094912,0.0218176374035891
"1 - 2","A - B","blue",1368.90829207333,399.209651649383,177,581.085130080102,2156.73145406656,3.429046082472,0.000753532680754088
"1 - 2","A - B","green",72.2891199071491,434.019879564622,177,-784.230537054528,928.808776868826,0.166557163187236,0.867908615992413
"1 - 2","A - B","yellow",468.831792363348,445.301645090823,177,-409.951946022703,1347.6155307494,1.0528409170097,0.293849073014595
