"contrast","day","SeqKind","estimate","SE","df","lower.CL","upper.CL","t.ratio","p.value"
"A - B","1","blue",10.8607134826108,1298.13543835662,200,-2548.92765517816,2570.64908214338,0.00836639472408203,0.993333000010644
"A - B","2","blue",-592.475032684035,1155.23620592722,200,-2870.48094455709,1685.53087918902,-0.512860512546436,0.608614881901131
"A - B","1","green",-573.068365828495,1235.66888494241,200,-3009.67917370835,1863.54244205136,-0.463771786124731,0.643315605762529
"A - B","2","green",238.133166414691,1107.87756986471,200,-1946.48642985025,2422.75276267963,0.214945381053044,0.830028920125565
"A - B","1","yellow",-666.868178570691,1471.06903783481,200,-3567.66365898192,2233.92730184054,-0.45332214968797,0.650808232410251
"A - B","2","yellow",203.798801852245,1282.73080024023,200,-2325.61321908037,2733.21082278486,0.158878855808309,0.873924638115848
"A - B","1 - 2","blue",603.335746166646,816.713710283237,200,-1007.13893493091,2213.8104272642,0.738735910233965,0.460933418042353
"A - B","1 - 2","green",-811.201532243186,859.677297150113,200,-2506.3959480373,883.992883550928,-0.943611672580365,0.346506610472658
"A - B","1 - 2","yellow",-870.666980422936,1099.87302141597,200,-3039.5024378299,1298.16847698403,-0.791606815941395,0.429527800878318
