"contrast","Group","SeqKind","estimate","SE","df","lower.CL","upper.CL","t.ratio","p.value"
"1 - 2","A","blue",2453.90716574414,335.133584865717,178,1792.56095425928,3115.253377229,7.32217622034924,8.11813262208908e-12
"1 - 2","B","blue",534.057816232066,340.53621079152,178,-137.949834002753,1206.06546646689,1.5682849556314,0.118590621004786
"1 - 2","A","green",1052.1120224662,265.430341726515,178,528.316858862114,1575.90718607029,3.96379711385913,0.000106681863800002
"1 - 2","B","green",847.107243613303,542.327518644829,178,-223.111517014506,1917.32600424111,1.56198462089857,0.120067754323491
"1 - 2","A","yellow",1852.57872406411,475.737545159501,178,913.767344481218,2791.390103647,3.89411923215561,0.000139256209931532
"1 - 2","B","yellow",1123.55192953989,318.172991374821,178,495.675429108415,1751.42842997137,3.53126116923075,0.000526669731692082
"1 - 2","A - B","blue",1919.84934951208,477.301889695673,178,977.950922318399,2861.74777670576,4.0222957230196,8.50675504816157e-05
"1 - 2","A - B","green",205.004778852898,603.573346943419,178,-986.075328842692,1396.08488654849,0.339651808501935,0.734519184540394
"1 - 2","A - B","yellow",729.026794524214,572.744299774014,178,-401.215860675103,1859.26944972353,1.27286608493854,0.204725559003222
