"contrast","day","SeqKind","estimate","SE","df","lower.CL","upper.CL","t.ratio","p.value"
"A - B","1","blue",10.8096496999625,5.99436811961598,178,-1.01952178621404,22.638821186139,1.80330094586433,0.0730321664472376
"A - B","2","blue",-5.56505037198742,5.99432580812038,178,-17.3941383614671,6.26403761749231,-0.928386369063986,0.35446439339544
"A - B","1","green",0.472482516343831,6.34868806262937,178,-12.055897173807,13.0008622064947,0.0744220714079545,0.940758116887301
"A - B","2","green",0.501494827208621,6.57164206108838,178,-12.4668580225268,13.469847676944,0.0763119510385452,0.939256622083295
"A - B","1","yellow",-1.76206237264095,5.77751569506128,178,-13.1633014285657,9.63917668328384,-0.304986168042294,0.760733005978022
"A - B","2","yellow",-3.43875633212141,6.24467741952079,178,-15.7618834069561,8.88437074271329,-0.550669970777337,0.582550380036812
"A - B","1 - 2","blue",16.3747000719499,6.56023755276313,178,3.42885266098683,29.3205474829129,2.49605291580531,0.0134678217929342
"A - B","1 - 2","green",-0.0290123108647897,7.28174773536275,178,-14.3986741270633,14.3406495053337,-0.00398425102312947,0.996825497759711
"A - B","1 - 2","yellow",1.67669395948046,7.69120358698899,178,-13.5009802090218,16.8543681279827,0.218001505293252,0.827677654413028
