"contrast","Group","SeqKind","estimate","SE","df","lower.CL","upper.CL","t.ratio","p.value"
"1 - 2","A","blue",14.3052563771787,4.63688459422555,178,5.15491693652754,23.4555958178299,3.08510080129953,0.00235983453463233
"1 - 2","B","blue",-2.06944369477119,4.63149306912501,178,-11.2091436028288,7.07025621328644,-0.446819991714281,0.655548199708374
"1 - 2","A","green",1.24594179864083,5.31949522946693,178,-9.25144842391583,11.7433320211975,0.234221809569268,0.815081968634555
"1 - 2","B","green",1.27495410950562,4.95908796929529,178,-8.5112153137341,11.0611235327453,0.257094473298242,0.797402787679716
"1 - 2","A","yellow",10.1445321576793,5.9221921897942,178,-1.54220872797368,21.8312730433323,1.7129690885685,0.0884594020087574
"1 - 2","B","yellow",8.46783819819884,4.88567940206357,178,-1.17346816141005,18.1091445578077,1.73319563183419,0.0847926718984623
"1 - 2","A - B","blue",16.3747000719499,6.56023755276313,178,3.42885266098683,29.3205474829129,2.49605291580531,0.0134678217929342
"1 - 2","A - B","green",-0.0290123108647897,7.28174773536275,178,-14.3986741270633,14.3406495053337,-0.00398425102312947,0.996825497759711
"1 - 2","A - B","yellow",1.67669395948046,7.69120358698899,178,-13.5009802090218,16.8543681279827,0.218001505293252,0.827677654413028
