"contrast","day","SeqKind","estimate","SE","df","lower.CL","upper.CL","t.ratio","p.value"
"A - B","1","blue",-810.596666914824,876.718463570224,177,-2540.76303261773,919.569698788086,-0.924580353439649,0.356443020320169
"A - B","2","blue",-827.656951926194,768.118624237602,177,-2343.50618260621,688.192278753825,-1.07751189179625,0.282717976830171
"A - B","1","green",-549.057910707718,810.977086984943,177,-2149.48648334572,1051.37066193028,-0.677032581461715,0.499269166091148
"A - B","2","green",-938.132701100978,871.807410707729,177,-2658.60731416499,782.341911963034,-1.07607791534991,0.283356964482396
"A - B","1","yellow",-457.281582106689,876.047327619227,177,-2186.12348973386,1271.56032552048,-0.521982737336134,0.602334961294269
"A - B","2","yellow",-776.304795564282,763.450847291485,177,-2282.94236821455,730.332777085988,-1.01683664157083,0.310619046603194
"A - B","1 - 2","blue",17.0602850113696,471.639732876465,177,-913.700542391467,947.821112414206,0.0361722811335704,0.97118575013292
"A - B","1 - 2","green",389.07479039326,443.619223917129,177,-486.388761811451,1264.53834259797,0.877046731559005,0.381650086199134
"A - B","1 - 2","yellow",319.023213457593,533.044861873511,177,-732.918007979259,1370.96443489445,0.598492240102102,0.550276649882486
