"contrast","day","SeqKind","estimate","SE","df","lower.CL","upper.CL","t.ratio","p.value"
"A - B","1","blue",-296.55016178424,987.183798619015,177,-2244.71513846566,1651.61481489718,-0.300400150609327,0.764224484298552
"A - B","2","blue",-2251.45401062589,955.483396144854,177,-4137.05959975125,-365.848421500521,-2.35635074320492,0.0195493107439105
"A - B","1","green",-902.684280690504,1006.72514339205,177,-2889.4132649431,1084.0447035621,-0.896654152938909,0.37112140018448
"A - B","2","green",-1172.22477957098,959.544403496645,177,-3065.84459290046,721.395033758507,-1.22164724769308,0.223465622940227
"A - B","1","yellow",-749.988715988174,1182.93497506222,177,-3084.4602615419,1584.48282956555,-0.634006713639289,0.526894937303846
"A - B","2","yellow",-1505.88638675491,1095.52247605407,177,-3667.85310663168,656.080333121857,-1.37458283117926,0.170998583586209
"A - B","1 - 2","blue",1954.90384884165,457.768148697118,177,1051.51799913506,2858.28969854823,4.27051085665444,3.17664098998885e-05
"A - B","1 - 2","green",269.540498880472,616.44476083336,177,-946.98685377089,1486.06785153183,0.437250044133858,0.662463034972349
"A - B","1 - 2","yellow",755.897670766737,564.840550488506,177,-358.790981347011,1870.58632288049,1.33824965313307,0.182531664093456
