term,Coef.,Std.Err.,z,P>|z|,[0.025,0.975]
Intercept,60.36683781538691,321.6421638715439,0.18768322252519096,0.8511249830318957,-570.0402192823693,690.7738949131432
C(Group)[T.B],37.8916336166645,47.135759984833896,0.8038829463841524,0.4214645798637914,-54.49275833753418,130.27602557086317
Age,-0.2814387493052584,2.667762815428607,-0.10549616617999154,0.9159821119604601,-5.510157786840503,4.947280288229987
fuglmayrshort_sum,20.17418511571105,9.56853990061234,2.108386997938944,0.03499752818021702,1.4201915258763975,38.928178705545704
MoCa_sum,-12.489415905752491,7.047474366266106,-1.7721832328380125,0.07636414599243604,-26.3022118456033,1.3233800340983173
