term,Coef.,Std.Err.,z,P>|z|,[0.025,0.975]
Intercept,316.3381025347564,206.3307043918468,1.5331605805696873,0.12523629418360047,-88.06264697804369,720.7388520475565
C(Group)[T.B],33.4643420205774,52.61233975668936,0.6360550048778737,0.5247405712609778,-69.65394904491856,136.58263308607337
C(day)[T.2],-87.82485133034177,48.77693636646372,-1.800540539703211,0.07177532834850237,-183.42588988481268,7.776187224129131
C(Group)[T.B]:C(day)[T.2],-28.790820094417484,56.61697890876571,-0.508519187164894,0.6110892866764135,-139.7580596690621,82.17641948022715
Age,0.3555738130281292,1.552961816035982,0.22896494257389427,0.8188961641118935,-2.6881754157683124,3.3993230418245703
fuglmayrshort_sum,-0.6624621495262342,11.375667989880828,-0.05823501091237229,0.9535614333566187,-22.958361709777808,21.63343741072534
MoCa_sum,-7.596564183395478,3.6734440626774356,-2.067967839929112,0.03864304732496917,-14.79638224546575,-0.39674612132520704
