term,Coef.,Std.Err.,z,P>|z|,[0.025,0.975]
Intercept,107.27797201856728,78.93982652502332,1.3589841369180231,0.1741516154543863,-47.441244916318084,261.9971889534527
C(Group)[T.B],39.88327387490986,17.683190120966017,2.255434319377836,0.024106080605277296,5.224858106041985,74.54168964377774
C(day)[T.2],29.06520056677308,14.993596045287108,1.9385076454630146,0.052561318961160536,-0.3217076807318371,58.45210881427799
C(Group)[T.B]:C(day)[T.2],-48.940728230282424,26.62522268663556,-1.838134043282502,0.06604265584859582,-101.1252057764469,3.2437493158820487
Age,-0.7624408548585416,0.642248600363476,-1.1871428827202484,0.2351712659282259,-2.021224980692213,0.49634327097512954
fuglmayrshort_sum,0.1058440200653657,3.5108827991493046,0.030147409104915708,0.9759494908982581,-6.775359820208443,6.987047860339175
MoCa_sum,-0.4657612433623384,1.5148686523617356,-0.30745982012116996,0.7584934017074193,-3.4348492433000675,2.5033267565753907
