term,Coef.,Std.Err.,z,P>|z|,[0.025,0.975]
Intercept,1519.2378171274668,609.2322670646229,2.4936923062978824,0.012642208166047442,325.16451546111807,2713.3111187938157
C(Group)[T.B],59.31298177771819,114.09925624646527,0.5198367082218003,0.6031773918497421,-164.31745112816054,282.9434146835969
C(day)[T.2],-135.56648837222167,114.35758252272713,-1.1854612993876426,0.2358351074561129,-359.70323147583395,88.57025473139063
C(Group)[T.B]:C(day)[T.2],6.081678732193097,158.70104673677758,0.03832160440806797,0.9694312656095271,-304.96665718069886,317.13001464508505
Age,1.86375567526912,4.210666845511541,0.4426271998355401,0.6580354074662114,-6.38899969283038,10.11651104336862
fuglmayrshort_sum,-1.5553762951724552,29.694119691313773,-0.0523799429429605,0.9582259553878434,-59.75478144276908,56.644028852424164
MoCa_sum,-25.63886440133284,12.263193833918269,-2.0907167209915043,0.036553465185386456,-49.674282651246315,-1.6034461514193659
