term,Coef.,Std.Err.,z,P>|z|,[0.025,0.975]
Intercept,93.14074707804073,83.88871818593802,1.1102893105553924,0.2668743778619138,-71.27811927562803,257.5596134317095
C(Group)[T.B],41.80395259901323,18.10861746214904,2.308511551828438,0.020970701079370473,6.311714563387994,77.29619063463846
C(day)[T.2],28.179388947002128,15.815423161744475,1.7817663592564843,0.0747873403143588,-2.8182708502776315,59.17704874428189
C(Group)[T.B]:C(day)[T.2],-44.66722463159789,27.41689324997783,-1.629186218304804,0.10327360356853993,-98.40334796953374,9.068898706337968
Age,-0.6177212730326015,0.6916825968006528,-0.8930704283870143,0.371819457997716,-1.9733942514950207,0.7379517054298176
fuglmayrshort_sum,0.9152565269125023,3.5122849904192406,0.2605872044578175,0.7944108582100083,-5.968695557749818,7.799208611574823
MoCa_sum,-0.7137557917606883,1.5372975069481662,-0.4642925579041834,0.6424381551851385,-3.726803538902308,2.299291955380931
