term,Coef.,Std.Err.,z,P>|z|,[0.025,0.975]
Intercept,534.0036800473588,159.2220952736252,3.3538289967210058,0.0007970160201413538,221.93410776804825,846.0732523266693
C(Group)[T.B],-3.3824220067036723,42.70449193489821,-0.07920529793118905,0.9368693306942645,-87.08168817718537,80.31684416377801
C(day)[T.2],-117.9322918802301,42.20689407571863,-2.7941476022533442,0.0052036721351080145,-200.65628416793558,-35.20829959252461
C(Group)[T.B]:C(day)[T.2],0.04681579024961735,51.23164483636908,0.0009138061133727853,0.9992708883120457,-100.3653629577812,100.45899453828045
Age,-1.2795953300177345,1.3424479044890707,-0.9531806230534826,0.3404985623403807,-3.9107448739375794,1.3515542139021104
fuglmayrshort_sum,-11.616348936733123,5.873877786847985,-1.9776286395918765,0.047970615925452174,-23.128937848545014,-0.10376002492123249
MoCa_sum,-5.814178698092908,3.047172194032052,-1.9080571519653842,0.056383829910673526,-11.786526453087628,0.15816905690181127
