term,Coef.,Std.Err.,z,P>|z|,[0.025,0.975]
Intercept,29.709766085463862,300.7199210863763,0.0987954704767639,0.9213006649360125,-559.6904486775608,619.1099808484886
C(Group)[T.B],33.61137285444872,42.27495600912738,0.795065826850106,0.426575211805971,-49.24601837145609,116.46876408035352
Age,-0.12377215269242897,2.5402352290635766,-0.04872468158708904,0.9611387061709553,-5.102541713916893,4.854997408532035
fuglmayrshort_sum,20.664985596779054,6.9570563519007,2.9703634053694685,0.002974476515444936,7.029405708638066,34.30056548492004
MoCa_sum,-11.690494187530089,6.481955553806828,-1.8035443301773808,0.07130276997311859,-24.394893622380852,1.0139052473206753
