term,Coef.,Std.Err.,z,P>|z|,[0.025,0.975]
Intercept,146.8022815746782,345.8655267435075,0.42444901334022284,0.6712383820675216,-531.0816943365713,824.6862574859277
C(Group)[T.B],14.358634672308465,56.68198058258747,0.25331921229159365,0.8000215509149611,-96.73600584196164,125.45327518657858
Age,-1.28413973297275,2.2311197860022998,-0.5755583994320896,0.564913706562666,-5.65705415873197,3.0887746927864708
fuglmayrshort_sum,-5.484086976804008,16.24876532417269,-0.33750791936452756,0.7357340432280538,-37.33108180542578,26.362907851817763
MoCa_sum,-0.9463585469125485,6.4719337382472775,-0.14622500556824927,0.8837437661312223,-13.63111558420689,11.738398490381792
