term,Coef.,Std.Err.,z,P>|z|,[0.025,0.975]
Intercept,-1.5494412325709255,1.9666923536442185,-0.7878411840570082,0.43078960788237697,-5.4040874143839055,2.305204949242054
C(Group)[T.B],-0.35715015349600804,0.45797358193947424,-0.7798488113299272,0.4354798715906706,-1.254761879968181,0.5404615729761648
C(day)[T.2],0.6397732158208711,0.4115476545618373,1.554554396627576,0.12005223192360898,-0.16684536504226122,1.4463917966840034
C(Group)[T.B]:C(day)[T.2],0.6030100201625268,0.5982124169771752,1.0080198990345175,0.3134449093983661,-0.5694647722173938,1.7754848125424474
Age,-0.015431022822498695,0.016184819429433124,-0.9534257017681889,0.34037442424344844,-0.047152686000471726,0.016290640355474333
fuglmayrshort_sum,0.03600039215742533,0.0856778578078391,0.4201831497487729,0.6743516633096311,-0.13192512341848317,0.2039259077333338
MoCa_sum,0.034362378194872256,0.042631796593609,0.8060269784647915,0.4202272935309279,-0.04919440772483874,0.11791916411458325
