term,Coef.,Std.Err.,z,P>|z|,[0.025,0.975]
Intercept,0.030485381199592286,0.15117966698859145,0.20165000893865456,0.8401903467279196,-0.2658213212928059,0.3267920836919904
C(Group)[T.B],0.011201392074536359,0.021341978158160337,0.5248525695006104,0.5996856836519573,-0.030628116474298375,0.0530309006233711
C(day)[T.2],-0.0060408116239122215,0.016155461972193672,-0.37391760348973596,0.708465619203337,-0.03770493524301825,0.025623311995193812
C(Group)[T.B]:C(day)[T.2],-0.029156566198306495,0.03573296324915692,-0.815957131654745,0.4145246543081078,-0.0991918872275474,0.04087875483093442
Age,0.0028798972307798117,0.0017114392743393242,1.6827341022026934,0.09242657690796344,-0.0004744621086526287,0.006234256570212252
fuglmayrshort_sum,-0.015224520943708946,0.01109386704812458,-1.3723367043850283,0.1699586443905997,-0.03696810080730881,0.006519058919890911
MoCa_sum,3.5034124344251804e-05,0.0017685155537090942,0.019809904567011018,0.9841950167328033,-0.0034311926670244847,0.003501260915712988
