term,Coef.,Std.Err.,z,P>|z|,[0.025,0.975]
Intercept,34.794768279119246,88.20744189715711,0.39446522346365276,0.6932375977248779,-138.0886410077181,207.6781775659566
C(Group)[T.B],37.889091003097384,19.12551851684585,1.9810752304427452,0.047582837575827396,0.4037635244256066,75.37441848176917
C(day)[T.2],26.31954528449636,18.683164147898008,1.408730613088228,0.15891483920943095,-10.298783562633705,62.93787413162643
C(Group)[T.B]:C(day)[T.2],-43.399899225024484,28.485934319307518,-1.523555405925668,0.12761981012418452,-99.23130455684071,12.431506106791751
Age,0.14340957348357447,0.7290664913788615,0.1967030101909474,0.8440599543266777,-1.2855344919539757,1.5723536389211248
fuglmayrshort_sum,1.8677545720975126,3.8613907422461313,0.48369996635229384,0.6285988170924086,-5.700432212941292,9.435941357136317
MoCa_sum,-0.6407405699704543,1.76751201721641,-0.36250988040213333,0.7169710414387248,-4.1050004659563575,2.8235193260154494
