term,Coef.,Std.Err.,z,P>|z|,[0.025,0.975]
Intercept,-5.190966534243358,302.16628526622156,-0.017179171824778176,0.9862936782142376,-597.4260029982936,587.0440699298069
C(Group)[T.B],81.55453346320147,62.10509480041045,1.3131697765746342,0.18912574576551744,-40.169215602048794,203.2782825284517
Age,-0.280207448246502,2.514736093284693,-0.11142618463812687,0.9112783970087072,-5.2089996217074575,4.648584725214453
fuglmayrshort_sum,15.214977918953991,11.287599468959407,1.3479374388500203,0.17767850520013562,-6.908310512119886,37.338266350027865
MoCa_sum,-7.934834962586062,7.987074249549312,-0.9934595215555687,0.3204860673941827,-23.589212833549993,7.719542908377869
