term,Coef.,Std.Err.,z,P>|z|,[0.025,0.975]
Intercept,75.36307379493763,269.45048295431343,0.27969173767528854,0.7797140178264232,-452.7501684124405,603.4763160023158
C(Group)[T.B],32.311675512383495,39.99656051351602,0.8078613535147459,0.4191704010230891,-46.080142599584754,110.70349362435175
Age,-0.4921657727417126,2.330218487401992,-0.21121013990857063,0.8327232987272517,-5.059310084159018,4.074978538675594
fuglmayrshort_sum,20.14496428480036,6.754120121036782,2.9826185978030897,0.0028579389714061356,6.907132100310957,33.38279646928976
MoCa_sum,-12.202075317074225,5.983462937032308,-2.0392998912977705,0.04142010649537214,-23.929447176487802,-0.4747034576606488
