term,Coef.,Std.Err.,z,P>|z|,[0.025,0.975]
Intercept,1416.6962231812358,675.5163078533648,2.0972050662746695,0.03597542621714488,92.70858881916934,2740.683857543302
C(Group)[T.B],60.972956457172835,118.67914175036053,0.5137630383730645,0.6074176725782585,-171.63388708965766,293.57980000400335
C(day)[T.2],-128.39969518220445,119.69923428283538,-1.0726860196850625,0.2834120150684265,-363.00588335358395,106.20649298917502
C(Group)[T.B]:C(day)[T.2],-43.14649161709013,160.4139656938801,-0.26896967125310706,0.7879530217237296,-357.55208699433894,271.25910376015867
Age,2.4707743353603417,4.598348243712198,0.5373177942185848,0.5910481161096499,-6.541822610688576,11.483371281409259
fuglmayrshort_sum,-4.980074604337718,29.94407355588946,-0.1663125290900251,0.8679110065715295,-63.66938032429929,53.70923111562386
MoCa_sum,-21.61927999176845,12.44135906733786,-1.737694400969848,0.0822646758224333,-46.0038956824815,2.765335698944593
