term,Coef.,Std.Err.,z,P>|z|,[0.025,0.975]
Intercept,-5.180124219745764,1.8097197408735968,-2.8623902932313645,0.004204587922382096,-8.727109733969172,-1.633138705522355
C(Group)[T.B],-0.01201868816675307,0.4290773789039269,-0.028010537860221545,0.977653746448455,-0.8529948973992962,0.82895752106579
C(day)[T.2],0.8704706623771886,0.3847605869993199,2.2623696183796684,0.02367457639679158,0.11635376918803142,1.6245875555663458
C(Group)[T.B]:C(day)[T.2],0.13415435471298498,0.5274874422272853,0.2543271061516194,0.7992428604208154,-0.8997020343496466,1.1680107437756164
Age,0.012634126496965499,0.01588239664376273,0.7954798498202172,0.4263344277119121,-0.018494798912989285,0.043763051906920286
fuglmayrshort_sum,0.11698405235892557,0.0707794025302522,1.6527979634883865,0.09837198870617328,-0.021741027447631886,0.255709132165483
MoCa_sum,0.058917137400419886,0.03409850298299083,1.7278511443686897,0.08401491526411571,-0.007914700372973746,0.1257489751738135
