term,Coef.,Std.Err.,z,P>|z|,[0.025,0.975]
Intercept,173.26135708237666,205.44214819525456,0.8433583790104604,0.3990280420269665,-229.39785428686275,575.9205684516161
C(Group)[T.B],44.00830808367926,50.88986342652648,0.8647755195338136,0.3871620100864257,-55.73399141047475,143.75060757783328
C(day)[T.2],-84.74620458805073,47.16003416776149,-1.7969920099418224,0.0723368882274436,-177.17817306654163,7.685763890440171
C(Group)[T.B]:C(day)[T.2],-49.46080714468549,58.89018135792206,-0.8398820652983419,0.40097451432355835,-164.88344164924482,65.96182735987384
Age,1.46930178893748,1.5900656847912797,0.9240510017863496,0.35545976239975974,-1.6471696863064462,4.585773264181406
fuglmayrshort_sum,0.274952871459508,10.813678339193876,0.025426396350532173,0.9797148566683128,-20.919467213761397,21.469372956680413
MoCa_sum,-5.579036635227567,3.9085705935955324,-1.4273854089700235,0.1534688342308513,-13.239694229707151,2.0816209592520174
