term,Coef.,Std.Err.,z,P>|z|,[0.025,0.975]
Intercept,-3.096263480007217,1.8739552530663515,-1.6522611598867174,0.09848132342448969,-6.769148284656909,0.5766213246424745
C(Group)[T.B],-0.24727874704676595,0.45295055416149765,-0.5459287879767108,0.5851148887943907,-1.1350455199807605,0.6404880258872285
C(day)[T.2],0.6816493179277683,0.4225212191981173,1.6132901424961277,0.1066814871476708,-0.14647705440449532,1.5097756902600319
C(Group)[T.B]:C(day)[T.2],0.3419965092690904,0.5565324599722029,0.6145131396040621,0.5388762929958508,-0.7487870685039066,1.4327800870420875
Age,-0.0035942506383741988,0.015416326135610595,-0.23314573178831113,0.8156482443780207,-0.033809694638094516,0.026621193361346118
fuglmayrshort_sum,0.04206379386909328,0.08577940760116998,0.49037169928554686,0.623870899181313,-0.1260607556443812,0.21018834338256778
MoCa_sum,0.058697959850990696,0.0374841681020293,1.5659400441065927,0.11736265401594179,-0.01476965961943185,0.13216557932141323
