term,Coef.,Std.Err.,z,P>|z|,[0.025,0.975]
Intercept,-24.39980131115712,310.6500839897124,-0.07854432549248933,0.9373950724607336,-633.2627777253364,584.4631751030221
C(Group)[T.B],38.305532125826325,58.02702992572703,0.6601325653726605,0.509168762204931,-75.42535665842658,152.03642091007922
Age,-0.45066009724039197,2.3201993606589135,-0.19423335118599852,0.8459931696445346,-4.998167281084722,4.096847086603939
fuglmayrshort_sum,7.698276692115702,14.909903190889075,0.5163196966174705,0.605631141714201,-21.524596575005717,36.92114995923712
MoCa_sum,-2.773169950386521,6.730562289140315,-0.41202648920744683,0.6803200077909218,-15.964829632805,10.418489732031958
