term,Coef.,Std.Err.,z,P>|z|,[0.025,0.975]
Intercept,-0.10311223277594002,0.13214192035641548,-0.7803143203748206,0.43520588571781205,-0.36210563752247454,0.15588117197059453
C(Group)[T.B],0.019615096513788892,0.024317394765465843,0.8066282059805648,0.419880718278417,-0.028046121424366993,0.06727631445194478
C(day)[T.2],-0.00920576563958917,0.017413677903404732,-0.5286514250840285,0.597047279520589,-0.043335947168643404,0.024924415889465062
C(Group)[T.B]:C(day)[T.2],-0.026640775478385725,0.035998413453001865,-0.7400541558079189,0.45926713440448574,-0.09719636934685155,0.0439148183900801
Age,0.004093638247594457,0.001983844664738491,2.063487288272178,0.03906635431107119,0.0002053741537850766,0.007981902341403838
fuglmayrshort_sum,-0.011666917698870991,0.008550342594137195,-1.3644971029430764,0.17241116537139356,-0.02842528123885867,0.005091445841116687
MoCa_sum,0.00034657732645870576,0.0017113557310868804,0.20251623912147992,0.8395131644392632,-0.0030076182712077937,0.0037007729241252054
