term,Coef.,Std.Err.,z,P>|z|,[0.025,0.975]
Intercept,-0.05266236309902058,0.1231125156931622,-0.42775799684146576,0.6688273202989767,-0.2939584599037407,0.18863373370569952
C(Group)[T.B],0.013940776626637388,0.024210109069379815,0.5758246105660566,0.5647337369493777,-0.03351016521113357,0.06139171846440835
C(day)[T.2],-0.012204223794781213,0.0167682904947812,-0.7278156231000135,0.46672645957412773,-0.04506946924685769,0.02066102165729526
C(Group)[T.B]:C(day)[T.2],-0.021399729261262757,0.03509338427463157,-0.6097938316177807,0.5419983881428004,-0.09018149853516493,0.04738204001263942
Age,0.003686299721093396,0.0018892926753797576,1.9511533438578703,0.051038807163819803,-1.6645878906252493e-05,0.0073892453210930445
fuglmayrshort_sum,-0.012517737867991634,0.008814463205673959,-1.4201361530369587,0.15556804688796647,-0.029793768294166065,0.004758292558182796
MoCa_sum,-1.4442626190094496e-05,0.0016094475342526453,-0.00897365455084623,0.9928401556728691,-0.0031689018283320744,0.0031400165759518854
