"contrast","Group","SeqKind","estimate","SE","df","lower.CL","upper.CL","t.ratio","p.value"
"1 - 2","A","blue",379.128622346095,121.969758980063,200,138.616915215771,619.64032947642,3.10838215567898,0.00215518352620971
"1 - 2","B","blue",516.015131570645,287.631895190116,200,-51.1651163514083,1083.1953794927,1.79401220865848,0.0743217144778623
"1 - 2","A","green",226.521406268523,130.93552387717,200,-31.6698588043965,484.712671341442,1.73002252987525,0.0851689084722872
"1 - 2","B","green",529.853782828268,302.129187589857,200,-65.9136212297523,1125.62118688629,1.75373252433839,0.081008148080235
"1 - 2","A","yellow",300.954988616423,171.389559589021,200,-37.0074367074465,638.917413940292,1.75597037146306,0.0806241756895938
"1 - 2","B","yellow",397.324981878602,207.396061726973,200,-11.6385290373618,806.288492794566,1.91577881744766,0.0568194360664171
"1 - 2","A - B","blue",-136.88650922455,304.588313635812,200,-737.503054646028,463.730036196928,-0.449414843237293,0.65361906970823
"1 - 2","A - B","green",-303.332376559745,330.236080697515,200,-954.523656994838,347.858903875348,-0.918531905777996,0.35944687337853
"1 - 2","A - B","yellow",-96.369993262179,267.143336725889,200,-623.148930120921,430.408943596563,-0.360742642670001,0.718672573473701
