"contrast","day","SeqKind","estimate","SE","df","lower.CL","upper.CL","t.ratio","p.value"
"A - B","1","blue",6.45018750365459,4.55436540860384,177,-2.53765771064435,15.4380327179535,1.41626481956614,0.158455412147441
"A - B","2","blue",-4.67086369829768,4.62269474595023,177,-13.793553935463,4.45182653886762,-1.01042010234175,0.313673330758174
"A - B","1","green",1.14255266695818,4.51950118026689,177,-7.77648948485121,10.0615948187676,0.252805037853913,0.80071223103129
"A - B","2","green",3.91673025123234,4.78889260557844,177,-5.53394434890572,13.3674048513704,0.817878071993066,0.414526451315253
"A - B","1","yellow",0.811984177632481,4.37090096508192,177,-7.81380180936172,9.43777016462668,0.185770435916812,0.852837509457781
"A - B","2","yellow",-0.289281517379949,4.91512021943777,177,-9.98906091112871,9.41049787636882,-0.0588554306842649,0.953133652312675
"A - B","1 - 2","blue",11.1210512019523,5.35354969411953,177,0.556050004001788,21.6860523999027,2.07732286751123,0.0392155836406712
"A - B","1 - 2","green",-2.77417758427416,4.76661055588831,177,-12.180879512985,6.63252434443666,-0.582002148433787,0.561305788289
"A - B","1 - 2","yellow",1.10126569501243,5.96968584809128,177,-10.6796538331559,12.8821852231808,0.184476323048816,0.853850990619694
