"contrast","Group","SeqKind","estimate","SE","df","lower.CL","upper.CL","t.ratio","p.value"
"1 - 2","A","blue",10.5772815079088,2.95726785012563,177,4.74123997203652,16.413323043781,3.57670730010453,0.000448845991569215
"1 - 2","B","blue",-0.543769694043513,4.57429568386726,177,-9.5709464535908,8.48340706550378,-0.118875064408559,0.90550914400052
"1 - 2","A","green",3.49744297820468,3.40737312700863,177,-3.22686205780768,10.221748014217,1.02643380922451,0.306087840741108
"1 - 2","B","green",6.27162056247885,3.50990159684727,177,-0.655020020704985,13.1982611456627,1.78683657915431,0.0756753282808247
"1 - 2","A","yellow",7.14226428017946,3.08541014325504,177,1.05333941310225,13.2311891472567,2.31485084593795,0.0217688229270495
"1 - 2","B","yellow",6.04099858516703,5.2301201511275,177,-4.28041969227638,16.3624168626105,1.15504011583075,0.249630927174495
"1 - 2","A - B","blue",11.1210512019523,5.35354969411953,177,0.556050004001788,21.6860523999027,2.07732286751123,0.0392155836406712
"1 - 2","A - B","green",-2.77417758427416,4.76661055588831,177,-12.180879512985,6.63252434443666,-0.582002148433787,0.561305788289
"1 - 2","A - B","yellow",1.10126569501243,5.96968584809128,177,-10.6796538331559,12.8821852231808,0.184476323048816,0.853850990619694
