"contrast","Group","SeqKind","estimate","SE","df","lower.CL","upper.CL","t.ratio","p.value"
"1 - 2","A","blue",8.65658232897676,3.10130105152422,198,2.54076245133887,14.7724022066146,2.79127443133012,0.00576407601527543
"1 - 2","B","blue",4.45056846108258,5.19764975658938,198,-5.79928770258334,14.7004246247485,0.856265556454687,0.392885980953619
"1 - 2","A","green",1.32319385022315,3.80263518318469,198,-6.17566919285234,8.82205689329865,0.347967603117527,0.72823416735165
"1 - 2","B","green",7.81248668630807,3.52022712526683,198,0.870537269328398,14.7544361032877,2.21931324550994,0.0276005972196109
"1 - 2","A","yellow",6.60215974917853,2.97801823150736,198,0.729455747330841,12.4748637510262,2.21696418085284,0.0277633846547227
"1 - 2","B","yellow",13.9904051164808,8.0562828626579,198,-1.89672549507375,29.8775357280353,1.73658315565463,0.084016109219226
"1 - 2","A - B","blue",4.20601386789418,6.06299353683738,198,-7.75031535475773,16.1623430905461,0.693719008991085,0.488671479354822
"1 - 2","A - B","green",-6.48929283608491,5.04487496288133,198,-16.4378744363857,3.45928876421588,-1.28631390942911,0.199835592803248
"1 - 2","A - B","yellow",-7.38824536730226,8.50335681858837,198,-24.1570136338371,9.38052289923258,-0.868862206411418,0.385974465333868
