"contrast","day","SeqKind","estimate","SE","df","lower.CL","upper.CL","t.ratio","p.value"
"A - B","1","blue",10.5857560531618,5.92769923821338,177,-1.11230469737249,22.2838168036961,1.78581193609147,0.0758417784725698
"A - B","2","blue",-5.4503638116358,5.97169719184973,177,-17.2352526406291,6.33452501735752,-0.912699294109311,0.362642192415506
"A - B","1","green",0.10546460997964,6.14146673825808,177,-12.0144571529846,12.2253863729438,0.0171725443569776,0.986318307168125
"A - B","2","green",0.762402647213095,6.55201701984951,177,-12.1677225255741,13.6925278200003,0.116361518125392,0.907497950567296
"A - B","1","yellow",-1.71486496459465,5.78148131673297,177,-13.1243709049813,9.69464097579205,-0.296613423212391,0.767109424730653
"A - B","2","yellow",-3.13329746272536,6.19289405369542,177,-15.354708831698,9.08811390624729,-0.505950438608853,0.61352099139545
"A - B","1 - 2","blue",16.0361198647976,6.46097263387035,177,3.28566689118568,28.7865728384095,2.48199780025866,0.0139971531489167
"A - B","1 - 2","green",-0.656938037233456,7.08824163094552,177,-14.6452795304599,13.331403455993,-0.092679972190201,0.926262625271437
"A - B","1 - 2","yellow",1.41843249813071,7.51950851152475,177,-13.4209957263837,16.2578607226451,0.188633671463601,0.850596046781137
