"contrast","Group","SeqKind","estimate","SE","df","lower.CL","upper.CL","t.ratio","p.value"
"1 - 2","A","blue",14.5960586554093,4.84907011734718,177,5.0266263112972,24.1654909995214,3.0100737465505,0.00299347426015941
"1 - 2","B","blue",-1.4400612093883,4.77430981824398,177,-10.8619573028419,7.98183488406528,-0.301627096734573,0.763290433520571
"1 - 2","A","green",1.31946263005356,5.36956542244314,177,-9.27714492229591,11.916070182403,0.245729873136216,0.806176049047725
"1 - 2","B","green",1.97640066728702,5.23197111428251,177,-8.34867040672455,12.3014717412986,0.377754506689025,0.706065572937086
"1 - 2","A","yellow",10.287221860539,6.02948294374375,177,-1.61170467667908,22.1861483977571,1.70615324009053,0.0897335082949386
"1 - 2","B","yellow",8.86878936240831,4.95819620588639,177,-0.915998647013252,18.6535773718299,1.78871286938569,0.0753713099303733
"1 - 2","A - B","blue",16.0361198647976,6.46097263387035,177,3.28566689118568,28.7865728384095,2.48199780025866,0.0139971531489167
"1 - 2","A - B","green",-0.656938037233456,7.08824163094552,177,-14.6452795304599,13.331403455993,-0.092679972190201,0.926262625271437
"1 - 2","A - B","yellow",1.41843249813071,7.51950851152475,177,-13.4209957263837,16.2578607226451,0.188633671463601,0.850596046781137
