"contrast","day","SeqKind","estimate","SE","df","lower.CL","upper.CL","t.ratio","p.value"
"A - B","1","blue",-1601.70434891132,1148.77566488278,177,-3868.76395778994,665.355259967298,-1.39427078573671,0.164983527771017
"A - B","2","blue",-1537.38089500448,1079.78875553309,177,-3668.29779081126,593.536000802299,-1.4237793152842,0.156270802739951
"A - B","1","green",-960.517120980079,994.473299955255,177,-2923.06761656953,1002.03337460937,-0.965855112473403,0.335434492235786
"A - B","2","green",-1193.14684084557,988.215592837728,177,-3143.34801925847,757.054337567329,-1.20737503991348,0.228898682485177
"A - B","1","yellow",-559.533384936195,1060.5319877717,177,-2652.44787372484,1533.38110385245,-0.52759689607462,0.598439880207462
"A - B","2","yellow",-1056.11405751809,1008.46668087997,177,-3046.27989146807,934.051776431889,-1.04724734841665,0.296413467817318
"A - B","1 - 2","blue",-64.3234539068395,644.939804552933,177,-1337.08455579632,1208.43764798264,-0.0997355930782222,0.920667113797924
"A - B","1 - 2","green",232.629719865494,690.595335101202,177,-1130.23061757706,1595.49005730804,0.336853882500384,0.736626122572998
"A - B","1 - 2","yellow",496.580672581897,755.120645335133,177,-993.61760302688,1986.77894819067,0.657617661031513,0.511638140616544
