"contrast","Group","SeqKind","estimate","SE","df","lower.CL","upper.CL","t.ratio","p.value"
"1 - 2","A","blue",670.297956710941,427.160827133901,177,-172.685653835222,1513.2815672571,1.56919341412555,0.118388844998645
"1 - 2","B","blue",734.62141061778,539.554514540985,177,-330.166331755574,1799.40915299113,1.36153324792907,0.175075826273069
"1 - 2","A","green",868.175556188199,496.45071264478,177,-111.548677917016,1847.89979029341,1.74876485031737,0.0820652261063887
"1 - 2","B","green",635.545836322705,517.771943279919,177,-386.254933926267,1657.34660657168,1.22746287158151,0.221278651883104
"1 - 2","A","yellow",590.44793368816,562.965998718276,177,-520.541370734868,1701.43723811119,1.04881633177217,0.295692641785168
"1 - 2","B","yellow",93.8672611062629,524.623461390079,177,-941.454686899057,1129.18920911158,0.1789231096481,0.85820271693598
"1 - 2","A - B","blue",-64.3234539068395,644.939804552933,177,-1337.08455579632,1208.43764798264,-0.0997355930782222,0.920667113797924
"1 - 2","A - B","green",232.629719865494,690.595335101202,177,-1130.23061757706,1595.49005730804,0.336853882500384,0.736626122572998
"1 - 2","A - B","yellow",496.580672581897,755.120645335133,177,-993.61760302688,1986.77894819067,0.657617661031513,0.511638140616544
