coef,se,p,dod_pct
0.04879931939349414,0.019122208460388257,0.010711546712792001,0.050009613029269984
