coef,se,p,dod_pct,phi,cov_struct
0.05950104731874798,0.029421698095170003,0.0431399393079687,0.061306872505539234,0.8221588784193778,AR(1)
