coef,se,p,dod_pct,fit_error
0.050831543138382375,0.01558761307360429,0.001110115780924998,0.052145637201613804,
