lr,df,p,error
9.54763644940249,1.0,0.0020020704993252885,
