"contrast","day","SeqKind","estimate","SE","df","lower.CL","upper.CL","t.ratio","p.value"
"A - B","1","blue",-29.4401062028756,763.278184658179,178,-1535.67868845356,1476.79847604781,-0.0385706113375424,0.969275958269292
"A - B","2","blue",-1405.21360663289,791.290058610784,178,-2966.73028559409,156.303072328309,-1.77585146096734,0.0774659219830815
"A - B","1","green",-402.552581404568,791.289616879975,178,-1964.06838866263,1158.96322585349,-0.508729765710584,0.61157163234658
"A - B","2","green",-487.492041049433,724.471426544376,178,-1917.15010849181,942.16602639294,-0.672893399501895,0.501887753030448
"A - B","1","yellow",-356.99945083119,853.685390794207,178,-2041.64588585781,1327.64698419543,-0.418186201475304,0.676315057410447
"A - B","2","yellow",-831.090570464533,903.463054377023,178,-2613.9672954821,951.786154553028,-0.919894362517797,0.358872914400377
"A - B","1 - 2","blue",1375.77350043001,400.01500704167,178,586.391530401259,2165.15547045877,3.43930471660204,0.000726413777455006
"A - B","1 - 2","green",84.9394596448651,423.671188362174,178,-751.125166497818,921.004085787548,0.200484389729742,0.841330646938525
"A - B","1 - 2","yellow",474.091119633344,446.962301483476,178,-407.935744015945,1356.11798328263,1.06069598724507,0.29026517854731
