contrast,Group,day,log_diff,se,ci_low,ci_high,ratio,pct_change
blue_minus_yellow,A,1,-0.04162302730398351,0.008705836668684469,-0.05868646717460507,-0.024559587433361955,0.9592313164390894,-0.04076868356091057
green_minus_yellow,A,1,-0.06621588875784926,0.009903211214499842,-0.08562618273826894,-0.04680559477742957,0.9359287859761457,-0.0640712140238543
blue_minus_yellow,A,2,-0.10322526259512364,0.008668268934020505,-0.12021506970580384,-0.08623545548444345,0.9019237809050418,-0.09807621909495823
green_minus_yellow,A,2,-0.08528667901524564,0.009868372998245284,-0.10462869009180639,-0.06594466793868489,0.9182490039445683,-0.08175099605543168
blue_minus_yellow,B,1,-0.07321769848924888,0.0089437656993725,-0.09074747926001897,-0.05568791771847878,0.9293984793560083,-0.07060152064399172
green_minus_yellow,B,1,-0.0895974439244629,0.010175317486958085,-0.10954106619890074,-0.06965382165002505,0.9142991678843309,-0.08570083211566915
blue_minus_yellow,B,2,-0.0709359598704954,0.009187838886970763,-0.0889441240889581,-0.052927795652032705,0.9315215449778603,-0.06847845502213967
green_minus_yellow,B,2,-0.08117547010886131,0.010459257529128803,-0.10167561486595376,-0.06067532535176885,0.9220318882134095,-0.07796811178659047
