contrast,Group,day,log_diff,se,ci_low,ci_high,ratio,pct_change
blue_minus_yellow,A,1,-0.052323974384362405,0.008987941645881951,-0.06994034001029104,-0.03470760875843378,0.9490213584228119,-0.05097864157718812
green_minus_yellow,A,1,-0.06705578241261631,0.01022393182340913,-0.0870946887864982,-0.04701687603873442,0.9351430353471647,-0.0648569646528353
blue_minus_yellow,A,2,-0.10799804768102608,0.008269666085494445,-0.1242065932085952,-0.09178950215345696,0.8976293488875335,-0.10237065111246646
green_minus_yellow,A,2,-0.0794622158218505,0.00941039543880486,-0.09790659088190802,-0.061017840761792966,0.9236129172643265,-0.07638708273567352
blue_minus_yellow,B,1,-0.07915923946108633,0.0085148945395144,-0.09584843275853455,-0.062470046163638104,0.9238927925404095,-0.07610720745959054
green_minus_yellow,B,1,-0.09499411513627298,0.009691840669106772,-0.11399012284772225,-0.07599810742482371,0.9093782860197743,-0.09062171398022567
blue_minus_yellow,B,2,-0.0752621978955341,0.009259940302021121,-0.09341168088749549,-0.0571127149035727,0.9275002658261874,-0.07249973417381261
green_minus_yellow,B,2,-0.08640395225177093,0.010544776092569187,-0.10707171339320654,-0.06573619111033532,0.9172236418194883,-0.08277635818051166
