contrast,Group,day,log_diff,se,ci_low,ci_high,ratio,pct_change
blue_minus_yellow,A,1,-0.05232365461976922,0.008987887755849444,-0.06993991462123413,-0.03470739461830431,0.949021661886289,-0.050978338113711
green_minus_yellow,A,1,-0.0670556532024116,0.010223870534649477,-0.08709443945032457,-0.04701686695449862,0.9351431561771956,-0.06485684382280443
blue_minus_yellow,A,2,-0.10799846769346477,0.008269616537564617,-0.12420691610709142,-0.09179001927983813,0.8976289718721209,-0.10237102812787913
green_minus_yellow,A,2,-0.07946177372193153,0.009410339040907132,-0.0979060382421095,-0.06101750920175355,0.9236133255936126,-0.07638667440638736
blue_minus_yellow,B,1,-0.07915831407015092,0.008514843303606964,-0.09584740694522056,-0.062469221195081276,0.9238936475028205,-0.07610635249717945
green_minus_yellow,B,1,-0.09499516492613183,0.009691782536941354,-0.11399105869853689,-0.07599927115372677,0.909377331364173,-0.09062266863582702
blue_minus_yellow,B,2,-0.0752621713958614,0.009259884791905206,-0.09341154558799561,-0.057112797203727195,0.9275002904046412,-0.07249970959535879
green_minus_yellow,B,2,-0.08640394150747538,0.010544712882784756,-0.1070715787577335,-0.06573630425721726,0.9172236516744103,-0.08277634832558967
