stratum,n,coef_B_vs_A,p_value,ci_low,ci_high
MoCa_low,13,1.5474740216084986,0.973594472657261,-90.0824602408183,93.1774082840353
MoCa_high,23,-19.0264447690966,0.4278413026858452,-66.05831193051635,28.005422392323155
GDS_low,31,-7.697263057538905,0.7573425107099784,-56.52478827951222,41.13026216443441
NIHSS_low,22,-23.980450522144494,0.4295655073137097,-83.48002541255563,35.519124368266645
NIHSS_high,14,-17.140146802193534,0.6676215506383116,-95.37240199590076,61.0921083915137
