stratum,n,coef_B_vs_A,p_value,ci_low,ci_high
MoCa_low,12,19.92247782893594,0.7071180481221773,-84.0016089132571,123.84656457112898
MoCa_high,22,-15.27140545048447,0.5134642129739438,-61.07638286220159,30.533571961232646
GDS_low,30,-2.517344676336144,0.9247815137894748,-54.77638549583108,49.74169614315879
NIHSS_low,22,-23.980450522144494,0.4295655073137097,-83.48002541255563,35.519124368266645
NIHSS_high,13,-6.780984725538995,0.8780592606798977,-93.4035082432984,79.8415387922204
