llr,df_diff,p_value
14.215743753524293,7,0.04747452464071389
