llr,df_diff,p_value
13.130996782274451,7,0.0689802775938293
