llr,df_diff,p_value
14.21693829380456,7,0.04745471165344739
