model,AIC,BIC,R2,adj_R2,llf,df_model
linear,5043.58928883308,5128.171613742843,0.18310850100012843,0.18205060054227595,-2509.79464441654,11.0
spline_df4,5043.372350539275,5177.2943649797335,0.184472714010536,0.18274306971363374,-2502.6861752696377,18.0
