llr,df_diff,p_value
19.403580906226125,7,0.0070127926131541285
