model,AIC,BIC,R2,adj_R2,llf,df_model
linear,4175.067439840905,4273.746818902295,0.26274851639999075,0.26161989307370714,-2073.5337199204523,13.0
spline_df4,4169.6638589346785,4317.682927526764,0.26442839117319883,0.2626945747705429,-2063.8319294673393,20.0
