model,AIC,BIC,R2,adj_R2,llf,df_model
linear,5259.699479302288,5343.931090397038,0.13995128444035787,0.1388044138049893,-2617.849739651144,11.0
spline_df4,5259.483735548763,5392.850453115451,0.14143000597265176,0.13955494410751068,-2610.7418677743817,18.0
