term,coef_ridge,coef_lasso
Intercept,0.0,0.0
C(Group)[T.B],-0.07790236329756561,-0.0
AES_sum,0.47584012271854537,2.872737533578112
Age,-0.11218762364534456,-0.0
Gender_num,0.1314575360408932,0.0
Depression_num,0.04045293667747832,0.0
SportsActivity_num,-0.015245743718545372,0.0
EQ5D_health_status,-0.0889838733653663,-0.0
GDS_sum,-0.07944233502194413,0.0
MoCa_sum,-0.11976314819967374,-0.0
MORE_sum,0.14115196403392638,0.0
TSS,-0.18301873455039097,-0.0
NIHSS,-0.008417909593545395,0.0
