term,coef_ridge,coef_lasso
Intercept,0.0,0.0
C(Group)[T.B],-0.12686250088652512,0.0
AES_sum,0.45007331538828893,1.8142149406811077
Age,-0.09449583717013581,0.0
Gender_num,0.10209582399502051,0.0
Depression_num,0.06775947766155124,0.0
SportsActivity_num,0.03942433379687782,0.0
EQ5D_health_status,-0.1435773308957288,0.0
GDS_sum,-0.06650783189621688,0.0
MoCa_sum,-0.03651245801645675,0.0
MORE_sum,0.16102065572720525,0.0
TSS,-0.18719025577672277,-0.0
NIHSS,-0.050173437949958176,0.0
