outcome,observed_B_minus_A,perm_p_two_sided,n_perm
SeqLearning_Index_all_day2,-6.833866870971647,0.7219278072192781,10000
Retention_Sequence,7.986366548133503,0.8474152584741526,10000
