outcome,observed_B_minus_A,perm_p_two_sided,n_perm
SeqLearning_Index_all_day2,-9.664363048142192,0.6108389161083891,10000
Retention_Sequence,2.1820708942735862,0.9613038696130387,10000
