outcome,observed_B_minus_A,perm_p_two_sided,n_perm
SeqLearning_Index_all_day2,-9.745272377962749,0.6101389861013898,10000
Retention_Sequence,16.39392006303996,0.692030796920308,10000
