Group,day,condition,BlockNumber,Age,fuglmayrshort_sum,MoCa_sum,logRT_hat,RT_hat_ms,logRT_se,logRT_ci_low,logRT_ci_high,RT_ci_low_ms,RT_ci_high_ms
A,1,random,61.04956471271039,66.95983749274521,10.792338943702845,23.892629135229253,6.892233617803352,984.598178963555,0.06770694841872472,6.7595279989026515,7.024939236704052,862.2351238029752,1124.3262391614992
A,1,structured,61.04956471271039,66.95983749274521,10.792338943702845,23.892629135229253,6.842095633893846,936.449535256821,0.06745159191113248,6.709890513748027,6.974300754039666,820.4808031648446,1068.8095671466046
A,2,random,61.04956471271039,66.95983749274521,10.792338943702845,23.892629135229253,6.791963392557527,890.660562565129,0.06770397461088713,6.6592636023201885,6.924663182794865,779.9763528149718,1017.0516514325855
A,2,structured,61.04956471271039,66.95983749274521,10.792338943702845,23.892629135229253,6.6949358695356675,808.3020957596177,0.06745022613458826,6.562733426311874,6.827138312759461,708.2048771310426,922.5469904360702
B,1,random,61.04956471271039,66.95983749274521,10.792338943702845,23.892629135229253,6.972313356883866,1066.6875274190857,0.07126956426686962,6.832625010920802,7.11200170284693,927.6226388546268,1226.6003798229392
B,1,structured,61.04956471271039,66.95983749274521,10.792338943702845,23.892629135229253,6.893404526194027,985.751728451339,0.07101600755065653,6.75421315139474,7.032595900993314,857.6646320960083,1132.9678685363208
B,2,random,61.04956471271039,66.95983749274521,10.792338943702845,23.892629135229253,6.874321814403444,967.1192567779543,0.07128992230941938,6.734593566676982,7.014050062129907,841.0016035396213,1112.1496711708444
B,2,structured,61.04956471271039,66.95983749274521,10.792338943702845,23.892629135229253,6.799873350639369,897.7335870654443,0.07101968698785661,6.66067476414317,6.939071937135568,781.0778026460852,1031.8121839016892
