Group,day,condition,BlockNumber,Age,fuglmayrshort_sum,MoCa_sum,logRT_hat,RT_hat_ms,logRT_se,logRT_ci_low,logRT_ci_high,RT_ci_low_ms,RT_ci_high_ms
A,1,random,61.11366662631643,67.37356252269701,10.79796634789977,23.97300568938385,6.8878134639522965,980.255707796571,0.07006046384627825,6.7504949548135915,7.025131973091002,854.4815876527878,1124.5429586227801
A,1,structured,61.11366662631643,67.37356252269701,10.79796634789977,23.97300568938385,6.839546605479068,934.0655385110123,0.06980741053243318,6.702724080835499,6.976369130122637,814.6219013214328,1071.0225551493068
A,2,random,61.11366662631643,67.37356252269701,10.79796634789977,23.97300568938385,6.79040458632165,889.2732768618662,0.07005730424314201,6.653092270005091,6.927716902638208,775.1776818702775,1020.162189180492
A,2,structured,61.11366662631643,67.37356252269701,10.79796634789977,23.97300568938385,6.695862448813248,809.0513988223091,0.06980602788721788,6.5590426341543,6.832682263472195,705.5958577603475,927.6757491377664
B,1,random,61.11366662631643,67.37356252269701,10.79796634789977,23.97300568938385,6.9684457108789,1062.569925511225,0.07171642012861272,6.827881527426819,7.10900989433098,923.2328957465606,1222.9361104902289
B,1,structured,61.11366662631643,67.37356252269701,10.79796634789977,23.97300568938385,6.889736255025674,982.1423479473082,0.07147190849475862,6.749651314375948,7.029821195675401,853.7610164264717,1129.8285738893603
B,2,random,61.11366662631643,67.37356252269701,10.79796634789977,23.97300568938385,6.848914392994365,942.8567789475079,0.07176573944277685,6.7082535436865225,6.989575242302207,819.1387993637244,1085.2604055598324
B,2,structured,61.11366662631643,67.37356252269701,10.79796634789977,23.97300568938385,6.769987489765299,871.3009937426634,0.07148956874001132,6.629867935034877,6.910107044495721,757.3821403907535,1002.3545330832324
