variable,interaction_coef,interaction_p,n,interaction_p_fdr
AES_sum,-0.470883161580949,0.8910968442344762,35,0.9286984275924045
MoCa_sum,3.441256753010157,0.4513532020022254,34,0.9286984275924045
GDS_sum,-10.519970720919591,0.5760459953898565,33,0.9286984275924045
NIHSS,1.183957094284206,0.9286984275924045,35,0.9286984275924045
TSS,-7.7129741061081925,0.6326878122707207,35,0.9286984275924045
MORE_sum,-1.0021638529136796,0.5514070434166911,34,0.9286984275924045
