variable,interaction_coef,interaction_p,n,interaction_p_fdr
AES_sum,-0.6119844757707638,0.8455305240241131,36,0.9801994147395937
MoCa_sum,5.141789323168663,0.2528688782483214,36,0.9782530136983774
GDS_sum,-9.94150922167313,0.6013686987150194,34,0.9782530136983774
NIHSS,0.32398200086703,0.9801994147395937,36,0.9801994147395937
TSS,-7.499078907368549,0.6521686757989182,36,0.9782530136983774
MORE_sum,-0.9311715889899703,0.5788551955965651,35,0.9782530136983774
