term,coef_rlm
Intercept,-0.8677469359984669
C(Group)[T.B],-11.820225957300414
AES_sum,4.94162969129895
Age,-0.44419162691244984
Gender_num,18.96817567082642
Depression_num,11.136577166998427
SportsActivity_num,16.061024960125998
EQ5D_health_status,-0.934594874346632
GDS_sum,-11.010628227686253
MoCa_sum,-2.5447789735827033
MORE_sum,1.7342043736655117
TSS,-2.8308283085598793
NIHSS,-5.222536129155215
