term,coef_rlm
Intercept,-55.14434382824206
C(Group)[T.B],-12.991386014429576
AES_sum,4.779350386781324
Age,0.42558840912280643
Gender_num,-3.4053370940659935
Depression_num,0.8209058598894288
SportsActivity_num,6.474649408409899
fuglmayrshort_sum,3.9035756965542614
EQ5D_health_status,-0.5943743562686947
GDS_sum,-10.176900009576654
MoCa_sum,-4.77847234333076
MORE_sum,2.038646591460332
TSS,-4.349771625619985
NIHSS,-7.413692182430975
