term,coef,p
zRT,0.12874879018597532,0.11742078131002358
C(Group)[T.B]:zRT,0.30338704107845094,0.005672353287688355
C(day)[T.2]:zRT,-0.15949130146505852,0.03987898190942244
C(condition)[T.structured]:zRT,-0.11008614211081448,0.10338540459333352
