term_errorRate,coef,p
errorRate,0.13485547818495874,0.02455149518352713
C(Group)[T.B]:errorRate,-0.3143336580198205,2.2076308253035954e-05
