term,coef,p
zRT,0.12986532550518134,0.11614921177150087
C(Group)[T.B]:zRT,0.3276086101875329,0.0025295546442731472
C(day)[T.2]:zRT,-0.16065136299015162,0.04882160481051416
C(condition)[T.structured]:zRT,-0.1107733012545952,0.11079015951697642
