term_errorRate,coef,p
errorRate,0.21720282707506344,8.163127125411954e-05
C(Group)[T.B]:errorRate,-0.28525203399902227,5.014332762355093e-05
