term_errorRate,coef,p
errorRate,0.12690036192935916,0.027042881334972624
C(Group)[T.B]:errorRate,-0.2625358102157446,0.0002753905221302687
