term_errorRate,coef,p
errorRate,0.1859606720718575,0.0006142815048926522
C(Group)[T.B]:errorRate,-0.27110317673524265,0.00011954271680460927
