model,definition,log_DoD,SE,z,p,ci_low,ci_high,ratio,ratio_ci_low,ratio_ci_high,pct_change,pct_ci_low,pct_ci_high,A_day2_minus_day1_structured_advantage,B_day2_minus_day1_structured_advantage
flexible_bs_df4,"[(S-R)_A,d2-(S-R)_A,d1]-[(S-R)_B,d2-(S-R)_B,d1]",-0.04679617390887903,0.016483424962083007,-2.838983646695074,0.004525747626339394,-0.07910368683456173,-0.014488660983196337,0.9542818853153728,0.9239441186372988,0.9856157945830774,-0.045718114684627165,-0.07605588136270125,-0.014384205416922646,-0.041985196887543756,0.004810977021335261
