log_DoD_linear,SE_linear,p_linear,pct_change_linear,log_DoD_flex,SE_flex,p_flex,pct_change_flex,DoD_same_direction,DoD_both_p_lt_0_05
-0.04605783165933313,0.01683099340268932,0.006209863344982747,-0.04501326787365312,-0.04680474521028751,0.016797231919581716,0.005328787584918615,-0.045726294087240715,True,True
