model,definition,log_DoD,SE,z,p,ci_low,ci_high,ratio,ratio_ci_low,ratio_ci_high,pct_change,pct_ci_low,pct_ci_high,A_day2_minus_day1_structured_advantage,B_day2_minus_day1_structured_advantage
linear,"[(S-R)_A,d2-(S-R)_A,d1]-[(S-R)_B,d2-(S-R)_B,d1]",-0.04627494847273545,0.016518860209519207,-2.8013402792808253,0.0050890825988718635,-0.07865191448339309,-0.013897982462077803,0.9547794109574963,0.9243616253460166,0.9861981486380968,-0.0452205890425037,-0.07563837465398338,-0.01380185136190315,-0.04070265987125666,0.005572288601478778
