model,definition,log_DoD,SE,z,p,ci_low,ci_high,ratio,ratio_ci_low,ratio_ci_high,pct_change,pct_ci_low,pct_ci_high,A_day2_minus_day1_structured_advantage,B_day2_minus_day1_structured_advantage
flexible_bs_df4,"[(S-R)_A,d2-(S-R)_A,d1]-[(S-R)_B,d2-(S-R)_B,d1]",-0.05209020367902703,0.016697070370442674,-3.1197211560680516,0.001810223142173939,-0.08481646160509468,-0.01936394575295939,0.9492432377485815,0.9186808821434435,0.9808223311549413,-0.05075676225141845,-0.08131911785655654,-0.01917766884505867,-0.0476350395233555,0.004455164155671543
