log_DoD_linear,SE_linear,p_linear,pct_change_linear,log_DoD_flex,SE_flex,p_flex,pct_change_flex,DoD_same_direction,DoD_both_p_lt_0_05
-0.05134990603811767,0.016726824364586498,0.00214120684980057,-0.050053779545749966,-0.05209020367902703,0.016697070370442674,0.001810223142173939,-0.05075676225141845,True,True
