model,definition,log_DoD,SE,z,p,ci_low,ci_high,ratio,ratio_ci_low,ratio_ci_high,pct_change,pct_ci_low,pct_ci_high,A_day2_minus_day1_structured_advantage,B_day2_minus_day1_structured_advantage
linear,"[(S-R)_A,d2-(S-R)_A,d1]-[(S-R)_B,d2-(S-R)_B,d1]",-0.05134990603811767,0.016726824364586498,-3.0699136260935496,0.00214120684980057,-0.0841344817927072,-0.018565330283528136,0.94994622045425,0.9193076176452805,0.9816059439023482,-0.050053779545749966,-0.08069238235471954,-0.018394056097651768,-0.04688953911235421,0.004460366925763473
