"contrast","day","SeqKind","estimate","SE","df","lower.CL","upper.CL","t.ratio","p.value"
"A - B","1","blue",-860.759112799389,854.635511060271,178,-2547.28049700088,825.762271402104,-1.00716516182615,0.315222568999768
"A - B","2","blue",-798.134475680847,772.190533561247,178,-2321.96051692893,725.691565567236,-1.03359785052006,0.302726446085391
"A - B","1","green",-632.420792357492,788.936769354682,178,-2189.29353527547,924.451950560486,-0.80161150667979,0.423846529593242
"A - B","2","green",-874.691380115976,875.357233963579,178,-2602.10461627266,852.72185604071,-0.999239334728991,0.319035208367595
"A - B","1","yellow",-444.5592229944,868.29702800171,178,-2158.03998363671,1268.92153764792,-0.511989801482454,0.609292778710676
"A - B","2","yellow",-702.528998382801,756.555771282771,178,-2195.50169855353,790.443701787933,-0.92858851263752,0.354359875050383
"A - B","1 - 2","blue",-62.6246371185421,446.328634209462,178,-943.401033879593,818.151759642508,-0.140310596987493,0.88857323867479
"A - B","1 - 2","green",242.270587758484,417.209784534253,178,-581.043227556983,1065.58440307395,0.580692487902554,0.562182190689761
"A - B","1 - 2","yellow",257.969775388401,530.58562303471,178,-789.077752847065,1305.01730362387,0.486198200985791,0.627424676255041
