"contrast","Group","SeqKind","estimate","SE","df","lower.CL","upper.CL","t.ratio","p.value"
"1 - 2","A","blue",617.393749740582,251.167270744668,178,121.745057824086,1113.04244165708,2.4580979357307,0.0149246992877442
"1 - 2","B","blue",680.018386859124,368.788193227365,178,-47.741185578209,1407.77795929646,1.84392667484308,0.0668561942763174
"1 - 2","A","green",534.811905774937,253.877768951538,178,33.8143684985594,1035.80944305132,2.10657241862334,0.0365563178677414
"1 - 2","B","green",292.541318016453,331.161308855471,178,-360.966079905747,946.048715938654,0.88338012380585,0.378222456692629
"1 - 2","A","yellow",505.868940214489,321.846223163003,178,-129.256245627001,1140.99412605598,1.5717721812702,0.117779229117178
"1 - 2","B","yellow",247.899164826089,421.376217422269,178,-583.63660952401,1079.43493917619,0.588308391827592,0.557071033411657
"1 - 2","A - B","blue",-62.6246371185421,446.328634209462,178,-943.401033879593,818.151759642508,-0.140310596987493,0.88857323867479
"1 - 2","A - B","green",242.270587758484,417.209784534253,178,-581.043227556983,1065.58440307395,0.580692487902554,0.562182190689761
"1 - 2","A - B","yellow",257.969775388401,530.58562303471,178,-789.077752847065,1305.01730362387,0.486198200985791,0.627424676255041
