"contrast","day","SeqKind","estimate","SE","df","lower.CL","upper.CL","t.ratio","p.value"
"A - B","1","blue",-84.1487123555419,1192.69149325478,200,-2436.01256386494,2267.71513915385,-0.0705536283535527,0.943823514638607
"A - B","2","blue",-396.190375945032,1046.25610581214,200,-2459.29883994992,1666.91808805985,-0.378674374031484,0.705331353807429
"A - B","1","green",-217.520681146442,1152.42663854795,200,-2489.98641771426,2054.94505542137,-0.188750132867909,0.850480049556102
"A - B","2","green",151.398482782548,1038.7644299328,200,-1896.93717384717,2199.73413941227,0.145748620591814,0.884266626456129
"A - B","1","yellow",103.433201835356,1206.4015565711,200,-2275.46547175327,2482.33187542398,0.0857369598637943,0.931761289128894
"A - B","2","yellow",188.825111655108,1095.01243105168,200,-1970.42576596788,2348.07598927809,0.172441066695248,0.863265162705526
"A - B","1 - 2","blue",312.04166358949,527.295545609598,200,-727.730431537058,1351.81375871604,0.591777545226072,0.554667894880639
"A - B","1 - 2","green",-368.919163928991,651.094360829912,200,-1652.80967527883,914.971347420845,-0.566613975060007,0.571611782989254
"A - B","1 - 2","yellow",-85.3919098197521,618.282952010401,200,-1304.58172802629,1133.79790838678,-0.138111376906144,0.890291347095453
