"contrast","Group","SeqKind","estimate","SE","df","lower.CL","upper.CL","t.ratio","p.value"
"1 - 2","A","blue",10.3093171763289,5.93274490526308,198,-1.39015946839424,22.008793821052,1.73769769996065,0.0838189250750233
"1 - 2","B","blue",4.91578622675329,5.86064228654586,198,-6.64150279366173,16.4730752471683,0.838779435154803,0.402604586336797
"1 - 2","A","green",-1.74179587400545,5.8539062197795,198,-13.2858012530253,9.80220950501441,-0.297544205289825,0.766363016476367
"1 - 2","B","green",5.61876102626776,5.14167857574938,198,-4.52071899052654,15.758241043062,1.09278729572255,0.275815000187699
"1 - 2","A","yellow",9.27594113066107,5.75599732360391,198,-2.07498619386489,20.626868455187,1.61152631058787,0.108657945265224
"1 - 2","B","yellow",21.5425273272824,9.31986636719728,198,3.16358796007056,39.9214666944943,2.311463113152,0.0218363245766951
"1 - 2","A - B","blue",5.39353094957561,8.33097838137802,198,-11.0353040259783,21.8223659251295,0.64740666734073,0.518118688748578
"1 - 2","A - B","green",-7.36055690027321,7.61094004383968,198,-22.3694636894893,7.64834988894292,-0.967102205230333,0.334672723168313
"1 - 2","A - B","yellow",-12.2665861966214,10.8728992275152,198,-33.7081335080342,9.17496111479147,-1.12817988467872,0.260609122557493
