model,log_DoD,SE,p,pct_change
linear,-0.0462749484727354,0.0165188602095192,0.0050890825988718,-0.0452205890425037
flexible_bs_df4,-0.046796173908879,0.016483424962083,0.0045257476263393,-0.0457181146846271
