model,log_DoD,SE,p,pct_change
linear,-0.0513499060381176,0.0167268243645864,0.0021412068498005,-0.0500537795457499
flexible_bs_df4,-0.052090203679027,0.0166970703704426,0.0018102231421739,-0.0507567622514184
