Outcome,Group effect B vs A (coef),Group effect 95% CI,Group effect p,Group×Day interaction (coef),Group×Day 95% CI,Group×Day p
ErrorRate_All,0.0139407766266373,"[-0.034, 0.061]",0.565,-0.0213997292612627,"[-0.090, 0.047]",0.542
IES,59.31298177771819,"[-164.317, 282.943]",0.603,6.081678732193097,"[-304.967, 317.130]",0.969
RT_Delta_All,44.00830808367926,"[-55.734, 143.751]",0.387,-49.46080714468549,"[-164.883, 65.962]",0.401
RT_Slope_All,-0.357150153496008,"[-1.255, 0.540]",0.435,0.6030100201625268,"[-0.569, 1.775]",0.313
Retention_General,81.55453346320147,"[-40.169, 203.278]",0.189,,NA,NA
Retention_Sequence,32.311675512383495,"[-46.080, 110.703]",0.419,,NA,NA
SeqLearning_Index_all,39.88327387490986,"[5.225, 74.542]",0.024,-48.94072823028242,"[-101.125, 3.244]",0.066
