Outcome,Group effect B vs A (coef),Group effect 95% CI,Group effect p,Group×Day interaction (coef),Group×Day 95% CI,Group×Day p
ErrorRate_All,0.0112013920745363,"[-0.031, 0.053]",0.600,-0.0291565661983064,"[-0.099, 0.041]",0.415
IES,103.05477214598,"[-122.751, 328.860]",0.371,-44.581804206121895,"[-340.680, 251.516]",0.768
RT_Delta_All,-3.3824220067036723,"[-87.082, 80.317]",0.937,0.0468157902496173,"[-100.365, 100.459]",0.999
RT_Slope_All,-0.012018688166753,"[-0.853, 0.829]",0.978,0.1341543547129849,"[-0.900, 1.168]",0.799
Retention_General,14.358634672308463,"[-96.736, 125.453]",0.800,,NA,NA
Retention_Sequence,37.8916336166645,"[-54.493, 130.276]",0.421,,NA,NA
SeqLearning_Index_all,37.88909100309738,"[0.404, 75.374]",0.048,-43.39989922502448,"[-99.231, 12.432]",0.128
