Outcome,Group effect B vs A (coef),Group effect 95% CI,Group effect p,Group×Day interaction (coef),Group×Day 95% CI,Group×Day p
ErrorRate_All,0.0377463210877547,"[-0.018, 0.093]",0.181,-0.029942699126315,"[-0.100, 0.040]",0.404
IES,75.84605293522971,"[-107.258, 258.951]",0.417,-69.06202600117439,"[-289.778, 151.654]",0.540
RT_Delta_All,5.310470493824415,"[-76.408, 87.029]",0.899,-12.094116291237626,"[-102.589, 78.401]",0.793
RT_Slope_All,-0.0320715187859981,"[-0.857, 0.793]",0.939,0.1555988971160914,"[-0.816, 1.127]",0.754
Retention_General,55.752580504829126,"[-54.068, 165.573]",0.320,,NA,NA
Retention_Sequence,53.43382464693677,"[-88.460, 195.328]",0.460,,NA,NA
SeqLearning_Index_all,37.42111268109016,"[-5.252, 80.094]",0.086,-50.51157455029973,"[-110.127, 9.104]",0.097
