Outcome,Group effect B vs A (coef),Group effect 95% CI,Group effect p,Group×Day interaction (coef),Group×Day 95% CI,Group×Day p
ErrorRate_All,0.0196150965137888,"[-0.028, 0.067]",0.420,-0.0266407754783857,"[-0.097, 0.044]",0.459
IES,60.97295645717284,"[-171.634, 293.580]",0.607,-43.14649161709013,"[-357.552, 271.259]",0.788
RT_Delta_All,33.4643420205774,"[-69.654, 136.583]",0.525,-28.790820094417484,"[-139.758, 82.176]",0.611
RT_Slope_All,-0.2472787470467659,"[-1.135, 0.640]",0.585,0.3419965092690904,"[-0.749, 1.433]",0.539
Retention_General,38.305532125826325,"[-75.425, 152.036]",0.509,,NA,NA
Retention_Sequence,33.61137285444872,"[-49.246, 116.469]",0.427,,NA,NA
SeqLearning_Index_all,41.80395259901323,"[6.312, 77.296]",0.021,-44.66722463159789,"[-98.403, 9.069]",0.103
