"contrast","day","SeqKind","estimate","SE","df","lower.CL","upper.CL","t.ratio","p.value"
"A - B","1","blue",481.755463391233,943.161514797015,200,-1378.06116591384,2341.5720926963,0.510787872313593,0.6100629510001
"A - B","2","blue",-150.102828021233,942.663517576822,200,-2008.93745848842,1708.73180244596,-0.159232669157583,0.873646249969735
"A - B","1","green",46.9467010876713,928.961990774177,200,-1784.86994041937,1878.76334259471,0.0505367297628043,0.959745116211405
"A - B","2","green",560.084817454015,841.626481896118,200,-1099.51526390723,2219.68489881526,0.665479080686944,0.506510853824664
"A - B","1","yellow",-71.6792677781601,1097.93032488519,200,-2236.68392923242,2093.3253936761,-0.0652858074447078,0.948011652594554
"A - B","2","yellow",433.393004228939,1030.77609031745,200,-1599.19047568017,2465.97648413804,0.42045310159985,0.674605881386305
"A - B","1 - 2","blue",631.858291412466,512.823243344225,200,-379.375925529704,1643.09250835464,1.2321171078206,0.219351911754253
"A - B","1 - 2","green",-513.138116366344,521.744565112558,200,-1541.96425401331,515.688021280624,-0.983504478394792,0.326547476006569
"A - B","1 - 2","yellow",-505.072272007099,792.855882621579,200,-2068.50179283452,1058.35724882032,-0.637029103368795,0.524834385404648
