"contrast","Group","SeqKind","estimate","SE","df","lower.CL","upper.CL","t.ratio","p.value"
"1 - 2","A","blue",715.364405950519,415.597218886925,178,-104.767203134981,1535.49601503602,1.72129257232867,0.0869351798455071
"1 - 2","B","blue",830.977201029291,463.207576004251,178,-83.1077768885229,1745.06217894711,1.79396288851214,0.074516386853894
"1 - 2","A","green",880.687012097119,491.866828866488,178,-89.9535876991221,1851.32761189336,1.79049889200024,0.0750732471299947
"1 - 2","B","green",742.698891897312,451.419107560109,178,-148.122947687572,1633.5207314822,1.64525355586198,0.101682262368178
"1 - 2","A","yellow",613.322870610413,562.436669245873,178,-496.578903498446,1723.22464471927,1.09047454433007,0.276978132023776
"1 - 2","B","yellow",155.997487180716,491.858634176202,178,-814.626941370326,1126.62191573176,0.317159192380533,0.751494508629387
"1 - 2","A - B","blue",-115.612795078772,621.910776495429,178,-1342.87963579741,1111.65404563987,-0.185899327440939,0.852735386740407
"1 - 2","A - B","green",137.988120199808,668.058520667411,178,-1180.34579691746,1456.32203731708,0.206550947156475,0.836596647760448
"1 - 2","A - B","yellow",457.325383429697,747.156345826281,178,-1017.09867018186,1931.74943704125,0.612087933113839,0.541260648784399
