"contrast","day","SeqKind","estimate","SE","df","lower.CL","upper.CL","t.ratio","p.value"
"A - B","1","blue",-1634.0431305439,1134.91415146271,178,-3873.66102718402,605.574766096219,-1.43979447999472,0.151681944053901
"A - B","2","blue",-1518.43033546513,1079.67459191004,178,-3649.03954099215,612.178870061895,-1.40637776126498,0.161355362650913
"A - B","1","green",-1014.30002213498,987.218776969875,178,-2962.45868942387,933.858645153916,-1.02743185785852,0.305611306376245
"A - B","2","green",-1152.28814233479,981.107643873538,178,-3088.38721636399,783.810931694419,-1.17447677584633,0.241772964104113
"A - B","1","yellow",-551.254950456695,1054.48160101624,178,-2632.14878922851,1529.63888831512,-0.522773417692096,0.601782024418674
"A - B","2","yellow",-1008.58033388639,998.777876287263,178,-2979.54950685706,962.388839084273,-1.00981445207374,0.313954914134406
"A - B","1 - 2","blue",-115.612795078772,621.910776495429,178,-1342.87963579741,1111.65404563987,-0.185899327440939,0.852735386740407
"A - B","1 - 2","green",137.988120199808,668.058520667411,178,-1180.34579691746,1456.32203731708,0.206550947156475,0.836596647760448
"A - B","1 - 2","yellow",457.325383429697,747.156345826281,178,-1017.09867018186,1931.74943704125,0.612087933113839,0.541260648784399
